{
  "customers": [
    { "id": 1, "name": "Ahmed Ali" },
    { "id": 2, "name": "Aya Elsayed" },
    { "id": 3, "name": "Mina Adel" },
    { "id": 4, "name": "Sarah Reda" },
    { "id": 5, "name": "Mohamed Sayed" },
    { "id": 6, "name": "Ahmed Abdelhady" },
    { "id": 7, "name": "Ahmed Kamed" }
  ],
  "transactions": [
    { "id": 1, "customer_id": 1, "date": "2022-01-01", "amount": 1000 },
    { "id": 2, "customer_id": 1, "date": "2022-01-02", "amount": 2000 },
    { "id": 3, "customer_id": 1, "date": "2022-01-02", "amount": 500 },
    { "id": 4, "customer_id": 1, "date": "2022-01-02", "amount": 500 },
    { "id": 5, "customer_id": 2, "date": "2022-01-01", "amount": 550 },
    { "id": 6, "customer_id": 3, "date": "2022-01-01", "amount": 500 },
    { "id": 7, "customer_id": 2, "date": "2022-01-02", "amount": 1300 },
    { "id": 8, "customer_id": 4, "date": "2022-01-01", "amount": 750 },
    { "id": 9, "customer_id": 3, "date": "2022-01-02", "amount": 1250 },
    { "id": 10, "customer_id": 5, "date": "2022-01-01", "amount": 2500 },
    { "id": 11, "customer_id": 5, "date": "2022-01-02", "amount": 875 },
    { "id": 12, "customer_id": 6, "date": "2022-01-02", "amount": 5000 },
    { "id": 13, "customer_id": 6, "date": "2022-01-02", "amount": 8000 },
    { "id": 14, "customer_id": 6, "date": "2022-01-02", "amount": 18000 },
    { "id": 15, "customer_id": 2, "date": "2022-01-02", "amount": 1200 },
    { "id": 16, "customer_id": 2, "date": "2022-01-02", "amount": 1500 },
    { "id": 17, "customer_id": 4, "date": "2022-01-02", "amount": 1800 },
    { "id": 18, "customer_id": 4, "date": "2022-01-02", "amount": 1200 },
    { "id": 19, "customer_id": 4, "date": "2022-01-02", "amount": 3000 },
    { "id": 20, "customer_id": 7, "date": "2022-01-02", "amount": 1000 },
    { "id": 21, "customer_id": 7, "date": "2022-01-02", "amount": 1000 },
    { "id": 22, "customer_id": 7, "date": "2022-01-02", "amount": 1000 },
    { "id": 23, "customer_id": 7, "date": "2022-01-02", "amount": 1000 }
  ]
}
