{
  "hash": "aa81181c",
  "configHash": "07dda846",
  "lockfileHash": "8b9dc961",
  "browserHash": "d36dfb2e",
  "optimized": {
    "@angular/common": {
      "src": "../../../../../node_modules/@angular/common/fesm2022/common.mjs",
      "file": "@angular_common.js",
      "fileHash": "4917fe0b",
      "needsInterop": false
    },
    "@angular/common/http": {
      "src": "../../../../../node_modules/@angular/common/fesm2022/http.mjs",
      "file": "@angular_common_http.js",
      "fileHash": "6fc016ab",
      "needsInterop": false
    },
    "@angular/core": {
      "src": "../../../../../node_modules/@angular/core/fesm2022/core.mjs",
      "file": "@angular_core.js",
      "fileHash": "c2367dc5",
      "needsInterop": false
    },
    "@angular/platform-browser": {
      "src": "../../../../../node_modules/@angular/platform-browser/fesm2022/platform-browser.mjs",
      "file": "@angular_platform-browser.js",
      "fileHash": "19809ac2",
      "needsInterop": false
    },
    "@angular/platform-browser/animations/async": {
      "src": "../../../../../node_modules/@angular/platform-browser/fesm2022/animations/async.mjs",
      "file": "@angular_platform-browser_animations_async.js",
      "fileHash": "b0f6bc81",
      "needsInterop": false
    },
    "@angular/router": {
      "src": "../../../../../node_modules/@angular/router/fesm2022/router.mjs",
      "file": "@angular_router.js",
      "fileHash": "d8eeb299",
      "needsInterop": false
    },
    "ng2-charts": {
      "src": "../../../../../node_modules/ng2-charts/fesm2022/ng2-charts.mjs",
      "file": "ng2-charts.js",
      "fileHash": "38afe703",
      "needsInterop": false
    }
  },
  "chunks": {
    "chunk-VRTUDMRA": {
      "file": "chunk-VRTUDMRA.js"
    },
    "chunk-CZQS2N7E": {
      "file": "chunk-CZQS2N7E.js"
    },
    "browser-2RNAQQ32": {
      "file": "browser-2RNAQQ32.js"
    },
    "chunk-SXKWN62Y": {
      "file": "chunk-SXKWN62Y.js"
    },
    "chunk-THVW255N": {
      "file": "chunk-THVW255N.js"
    }
  }
}